,text,tag
16887,"ther 's guy 's voic tel us tri imagin biolog par look lik , screen see im vary old men wom .",pos
25093,"story involv two coupl ( ben stil & catherin keen aaron eckhart & amy brennem ) , art assist ( nastassj kinsk ) , egot wom abus ( jason pat ) .",pos
227,"mak mat wors , ringwald 's perform match appear .",pos
14030,"'s easy forget war , bas form , battl army slaught oth .",pos
4639,'re going tel story begin - tel begin ( poss aft thi trilog complet ther could anoth trilog episod -1 -3 clar back story ev furth ? ) .,pos
37844,", unfortun , film 's foray outsid realm comedy ar pathet .",neg
41157,every second .,neg
36264,"thi becom app aft first murd cov crim , rest movy spir downward ther .",neg
6412,guess clyd kusatsu n't avail .,pos
3737,film neith amb pretenty .,pos
59212,"'s al jackson stop , lead lie van ( ) .",neg
34458,"aft , 1900 max becom friend .",neg
949,"sam goe jabb hut , doe n't look much mean doe corp lazy .",pos
44427,wid ey maniac charact doe n't start bad . . . .,neg
50984,film end without ev tel interest story : hap intern ?,neg
51424,"gre mom lif writ film john wayn , gav giant bullet-shaped troph .",neg
12987,"gor tim littl excess overst - 's alway argento 's shortcom - overal thi fascin , compel exampl hor .",pos
9520,"divin jack , pet boyl success keep one-dimensional charact funny fresh .",pos
25995,'s best comedy al tim easy earn spot top ten favorit film .,pos
51054,"boy also turn back hedwig , n't long bef hedwig put togeth his/her band tour stat via seafood resta .",neg
17407,"support rol ar fil : ag busybody heart gold troubl psych ; david 's room , ral tak commun party lin expect extrem ; david 's ex-girlfriend , dump anoth guy , yet want bed bef leav ita husband ; germ , gay sculpt whos work diego attempt exhibit , strikes faust pact govern .",pos
23635,"thu , `` belov `` becom sorta-redux andre tarkofsky sci-f class , `` sol , `` wher cosmonaut discov wif , commit suicid year bef , mat orbit ov planet complex brain system .",pos
30964,thes ar problem individ .,pos
46091,"ung , mad impress 1997 's `` gam , `` surpr wast difficult see took part sint disappear ten minut , two purpros : ( 1 ) get high heroin , ( 2 ) becaus play key part ear flashback .",neg
45636,"ref payoff pol depart , follow conspicu decid keep scot kord cas coupl point glant , drop abrupt resolv aft forty-five minut ; ev rel scot new partn kevin perfunct , kevin disappear entir aft tak bullet scot , may yearn bick buddy .",neg
23592,"ar al sarcast occas obnoxy , oth seem lik fair norm bunch .",pos
15194,"movy , everyth rol : offend , offb , smart sassy comedy surpr gre mess end , end feel-good movy .",pos
1488,"stil , see kevin 's charact grow , thank som good direct edit .",pos
34382,hav nam : `` gross `` .,neg
14850,"everyon feel ar diff som way , n't belong som plac `` rebel without caus `` success show screen thes univers emot .",pos
28069,pol quest chris tim rand try find inform .,pos
62055,cast cho ar n't bet screenwriting decid .,neg
20456,"tarz chad'z = good ) 1999 , g , 90 minut [ 1 hour , 30 minut ] [ anim - adventure/drama ] star voic : tony goldwyn ( tarz ) , minny driv ( jan port ) , lant henriks ( kerchak ) , bri bless ( clayton ) ; writ tab murph , bob tzudik , non whit ; produc bonny arnold ; direct chris buck , kevin lim ; bas story ` tarz ap ' charact cre edg ric burrough .",pos
7412,"analys thi good comedy , certain wor watch .",pos
14458,"expect box go roof , deserv , expect academy award nomin tommy lee jon .",pos
53633,"many point dur movy ide going , situ n't improv rep view .",neg
16528,"best sequ , though , may begin , follow prelud , sequ act middl ground act mov post-move er .",pos
62630,story cont n't funny .,neg
48474,"could imagin dur film , west would shoot scen , tak act asid tel , `` let 's , thi tim , want mor . ``",neg
40549,good surpr mak movy fun watch .,neg
51225,"thi new movy howev noth garb , ther noth good storyw , good thing com som plush anim col .",neg
12346,"'re ev mor girlfriend , jess ( angel featherston ) , fed boyfriend 's boss mean mor arlo .",pos
63567,"would hav easy , cours , would n't hav work .",neg
52855,dram .,neg
19373,"bas , dogm bad .",pos
6076,"sint qual us spars dur ear fal month , 's definit wor visit .",pos
41493,"mayb felt sorry act , mayb thought could hav dec studio n't start tink direct 's ( walt hil ) fin cut , caus want nam remov .",neg
58269,"bas , whil anderson wear skimpy cloth bar contain tal , pract art -- bril slap plast par nak wom .",neg
6095,"buddy , apt nam sil bob , respons movy 's success .",pos
53822,writ show excel skil ceremon speech writ spont dialog would qual subtitl : ` bad get ' .,neg
804,"last memb crew eric , young beauty witch-wannabe , const quot wicc lor , say `` first rul wicc , harm , becaus whatev wil com back threefold . ``",pos
38238,hil ensu .,neg
43729,"big daddy real noth spec , ev wor chuckl .",neg
40701,ew mcgregor point tak resid bel tow could rep awak deaf giant bel .,neg
15772,"day , expect 'll see movy vampir third basem decid wheth play day gam ord break hom run record .",pos
5758,"thirteen flo , learn ar electron dev , liv und anoth world electron dev .",pos
28805,"see , rath shrugging wait video .",pos
26375,"many scen film hav mem photograph qual , climax , tak plac next dark riv grey obsc ear ev .",pos
48815,"forsyth scenery-chewing villain cold , cold , scot glen alway enjoy watch , ev doe n't seem stretching tal ( definit cas ) .",neg
41715,hous act possess .,neg
32483,"acc almost every detail , `` high art , `` wish rel mor tight writ involv syd jam , , play gabriel man , left throwaway rol .",pos
36973,could go .,neg
45140,"friend maxim , ag 9 , said thought good sil part mak sens .",neg
15493,"seem colony planet once-breeding ground nasty aly , al commun planet lost . . .",pos
40546,"watch thes movy , everyth seem mak sens sud ar blown away unexpect surpr .",neg
59364,"pierc brosn ( hey , wil end `` dant 's peak `` three tim : ) .",neg
11603,exceiv scen two ful cloth men kiss .,pos
32596,"aboard patrick ross ( justin lazard ) , bright handsom astronaut .",pos
55847,recommend : duck whil 're wait anoth movy start .,neg
54013,wast .,neg
9549,right stuff unus becaus lack many standard el hollywood film .,pos
59810,rememb lik `` airwolf `` `` street hawk `` 10 11 .,neg
48818,"'d think direct , dean seml , form cinematograph , would least produc film interest vis .",neg
655,"soon mak new year 's resolv get rehab , prov easy said .",pos
11838,"also soon find posit must fight , die .",pos
62035,"hav n't seen robbin ' goofy ready rumbl entir , intrigu `` macho man `` randy sav martin landau ex sam movy without ther sery worldwid repercuss .",neg
18600,mean shoot middl mard gra anyth .,pos
20953,"paty , army gen , describ educ man ev met , also naiv .",pos
20359,n't miss sweet epilog dur film 's clos credit .,pos
52542,"though origin film , releas last year , watch enough , thi insipid sequel look 's glow red exit sign long throughout .",neg
55423,"keep victim dark cal joe tel 's hap , becom photograph day .",neg
13304,daniel mac appropry chew scenery villain godfrey tracy wright lend abl support complex rol .,pos
41348,", thi incarn , sanit point bland , id do-gooder pin frequ guest club , july black ( campbel ) , world soap star , ye , heart gold .",neg
20305,"aft year self-loathing , ted fin hir priv detect pat hea ( suit slimy mat dillon ) track hav last chant win wom lov sint high school .",pos
37918,"way 's darryl witherspoon , econom maj stratford univers , hit som dir fin straits , becom guine pig expery drug height al fiv sens .",neg
11370,"ar sam tim anny oakley ( angel dougla ) seek reveng fath , sheriff 's murd .",pos
34633,"oth let support charact nam newt go unscath , 's miss big green bet integr mus comedy .",neg
791,"lorrain bracco , oth hand , effect believ kar hil , wif grad descend sam mor cesspool husband .",pos
8603,"dixon 's crack team homeless commando bust lockup - sud magrud find , mal childr dang .",pos
45857,"thing start get lost comply plot farrel hav ev attempt , film run track .",neg
17751,"rememb , robot ?",pos
50399,kat 's new stat bring unexpect result oth area .,neg
26960,"act ar al energet , help lot ton film .",pos
49415,nar espec annoy much sound lik bad high school poetry .,neg
3436,` afflict ' expl man nev tru escap grip unforg nightm child .,pos
29058,"'m sur dark cryst , mad today , would gen audy kid fiv fifty sam awe-filled respons .",pos
17852,"return trip new york wher try get job , dun horr train accid surv .",pos
7885,"christopher walkin prob mor voic , many peopl wil rememb hit batm return .",pos
18244,"mir irony joe envid cowboy attir masculin , mistak buy fabl new york fil lon wom neglect gay men .",pos
61299,presum want pick cemetery dram effect ; 's nev explain .,neg
26937,"review ther 's someth mary , said someth effect `` laught n't everyth . ``",pos
7527,"fortun , tak host , jack spend som qual tim trunk togeth buddy driv saf .",pos
30789,train gruel indign almost pain watch .,pos
61901,"web burst room shout , `` tel laugh ? ! ``",neg
42614,"problem , tim reach argonautic , titanic-like luxury lin turn mary celest .",neg
7052,"much press giv cast blaxploitation-era icon pam gri lead , wag buzz mr . tarantino may pulp fict bolst john travolt 's then-sagging car .",pos
48826,"diedr easy con david 's not-so-bright new wif mol believ 's child psycholog influ mol david 's quick-tempered son , michael .",neg
47448,"hard-edg , foul-mouthed grrrl sud gon replac pair bat goo-goo ey .",neg
2244,"pullm 's perform much mor lay might seem first glant , occas voice-over 's going mot job ar insight oft hil .",pos
19025,"tim `` gingerbread man `` complet , ther littl evid ev bas story grisham .",pos
10557,"paradox , ther 's lot less gor .",pos
47471,"effect ar aw , script cont , feat laugh thing wer suppos tak sery ( think ) .",neg
1175,> begin evid thi act 's movy .,pos
48978,"simply say thi world 's largest snak would n't , sint anacond thi movy least two feet wid .",neg
1846,"? biggest slam com shrek visit farquaad 's roy domicil , clos resembl certain mag kingdom , souvenir stand queu lin display animatron fig sing palac rul relentless peppy tun sound lot lik `` 's smal world . ``",pos
55255,"'s certain film young kids-intense fight scen may scar , whil tim joe 's camer may bor tear .",neg
28141,"despit win academy award , maris tome alway struck annoy unwelcom screen pres , undermin pleas watch happy accid .",pos
49433,"tak away black cast , tak away atrocy soundtrack , hav residu som mid-80 's kirk cameron show .",neg
31720,detail giv impress beauty shown movy tip iceberg .,pos
17635,"nicola cag , aft coupl ho-hum movy , return mat allow util strong act abl .",pos
33007,avoid thi film al cost .,neg
62,"ev , ther 's log reason mr . affair doe .",pos
30412,"tak scream 's lead , edg mak fun genr 's clich , us ( though quit effect ) .",pos
59315,"'ve kept us dark , let cat bag ear .",neg
57838,"bumbl man 's oth , mor interest comp dog nam ang .",neg
64030,thi jody fost 's first movy sint jaw-droppingly bril contact cam mor two year ago n't best cho show act chop .,neg
63304,"`` oh look , 's film abov wat act .",neg
1741,"gibson team richard , leth weapon film maverick , thi tim around , combin work ev bet .",pos
18490,neo quick learn world known al lif seem .,pos
19839,wit hum thi film ar surpr intellig fresh many insid jok film mus industry wel lot hil scen wayn gar show tru col .,pos
64302,"gee , 's ev dumb crap comeback com .",neg
61787,"lik stupid teen teen direct film thi , foursom decid cov dea mak look lik murd commit someon els .",neg
24160,"horn 's steady `` famy `` perform , som liv plush l . . hom .",pos
6632,"lucky , hav ben ramsey 's screenplay , bit funny piec work .",pos
3725,"might hav expect thi inevit jok com wearisom , `` chick run , `` com delight surpr .",pos
341,"filmmak know yo fin impress wil ling , rememb , convey oth thru word mou , aft tel us 60+ minut thi film glory masterpiec , sur leav us disheart tast mediocr mouth .",pos
59880,sad wer funny enough mak film wor watch .,neg
15494,"doe n't exact tak geni guess hap next : ripley agr , bef say `` big mistak `` , half doz marin , plu slimy corp guy ( reis ) , mor look lik und sleev , ar colony .",pos
60427,"much lik protagon michelangelo antonion 's termin bor cult elit , matty involv bit pil `` rel `` high fash model anny ( least think 's model . )",neg
24708,jim carrey show doe n't nee talk entertain us ; dram hollywood 's lead men .,pos
1849,acrimony dreamwork honcho jeff katzenberg disney big wheel michael eisn wel known .,pos
45945,adult comedy approach im adolesc wil apprecy effort ?,neg
33572,"film 's rely razzle-dazzl would acceiv wer giv somebody root , simmon funky alter-ego ar complet underdevelop .",neg
2831,"sum , thi movy sol charact grow two charact almost develop rel .",pos
50635,( yawn ) wer wrong .,neg
3789,"get thrill see look much lik liv dinosa al today , film .",pos
53618,might lead suspect filmmak wer unpopul school hist teen film extend cinem reveng nerd .,neg
63601,", ther almost lif origin script michael laughlin buck henry thi `` & c 's `` downfal .",neg
10699,"mor forty year ago , `` sword sand `` genr hist ep rul box .",pos
30719,"best seg com , al peopl , bet midl , get tel us som abandon seg nev mad draw board .",pos
58335,"thi point think 're going get cheap laugh gender-bending ( see birdc , wong foo . . . , priscill queen desert ) , go hom brood yo maladjust sex low-life deadb .",neg
51366,beauty lel rochon thi movy ?,neg
56525,"foil farley antidot runaway energy , perry lack necess edg proverb straight man .",neg
56479,"grainy overexpos , movy , shot 16mm film videotap , littl recommend .",neg
56635,non thes ar ev good film .,neg
35906,"tom green cowrit ( `` tom green show `` scribe derek harvy ) , direct star ess tom green 's prim scream .",neg
1193,"work act flick , vis eye-popping oft paralys excit ; also work elicit mem , piec exquisit nostalg .",pos
52176,"day , transport raw sew .",neg
52876,"ev jason lee , person favorit min , left dry lam dialog phoniest rom hit big screen whil .",neg
28532,ca n't say much mor n't real know going tim .,pos
27030,ther ar n't near many delicy offb convers thi tim around .,pos
61999,'s boil .,neg
25148,"man , capt thrown dungeon .",pos
6270,"spielberg 's direct tend littl bit toward manip sid tim , ad heavy orchest swel cinqu 's angry outburst court room .",pos
37144,"ev charl theron , convint could n't act , dec job cid hous rul .",neg
15051,everyth look origin bizar perplex .,pos
64126,"insid bottl anonym lov let address mystery wom nam catherin , theres tak aback honesty sweet show around work , object , find edit plac let newspap .",neg
35249,"first , 's shivery fright , quick recov shock dea becom badass bik beyond grav .",neg
34096,"know expect thi movy : lot shot wher camer ey pred ( croc cam ) swim toward someon 's dangl leg whil `` jaw `` -like mus play , charact ( hect ) 's obsess croc stupid endang rest , anoth charact insist pred ca n't poss ex .",neg
28086,way movy film also gre .,pos
36818,plot someth cov witch nee sperm bring back godess ( gasp ! ),neg
2885,"jack send routin delivery job , howev , old instinct kick .",pos
36224,"remind n't chok , ev slightest bit mov , mat .",neg
42714,( 3 ) movy dem wom depict sol sex object pawn pow struggles men .,neg
15087,", respect way film look .",pos
14865,"goe brando , redford , ev deniro .",pos
53787,"ev goe far explain stat flood tim due wat main break ( hent wat subway stat ) , coron check man 's lung chlorine .",neg
20285,could poss know film gre noth could poss see fut could beat ?,pos
34022,"hand controvers direct larry clark ( `` kid `` ) , howev , less say subject mat mor say filmmak 's pornograph proc .",neg
36056,warn : spoil ar includ thi review . . .,neg
30113,"set , howev , allow famili plot tak gre sign : socy collaps due plagu war , surv liv behind barracad isol vil .",pos
57651,"begin , poor matthew embarass thing lik fondl giant earthworm stand godzill 's enorm footprint .",neg
62001,hour half run tim goe slow 5 minut hair-removal system informerc .,neg
20793,"follow may pain mund metaph acc , 'm forc say clar 's sak : plumb must remov old lead cop pip , , destroy old plumb system ord replac new mad plast .",pos
49174,consecut `` vac `` movy suff drop direct pow .,neg
15007,cap kil without regret .,pos
18968,mov gest ( exceiv sometim act ey ) ar tot keep charact .,pos
49123,laugh head shar wild crazy mishap famy end .,neg
27530,'s sweet .,pos
11736,doe fin job keep shandl mak good catalyst brand hum .,pos
35215,"`` know 're report , us hum . ``",neg
33175,'s becaus skarsg ? rd rampl play disturb par fig film ( 're bound ceremon wedlock aberdeen ) .,neg
49874,"least 's way seem , sint camer const mov .",neg
5207,heavy spoil . . .,pos
29269,yet ther doe n't nee .,pos
54063,"many would-be shock ar fakeout rely bombast mus cue , film 's chas scen ar riddl clich _scream_ tri subvert , lik screaming damsel know run themselv dead end -- could -- run front door .",neg
52117,could scientolog mess ?,neg
27150,"instead wait rid hom , rosalb opt go hom town , instead hitchhik ven .",pos
30061,"let 's giv direct john dahl , continu put solid film every oth year ( hav n't seen red rock west , fav right , jot piec pap rent yo earliest conveny ) .",pos
34641,rememb simpl strains bizet 's `` habaner `` origin bad new bear ?,neg
20841,", nev claim mickey mal perfect rel , becaus demonst n't , thi scen lead show us thi .",pos
1511,premy key west dur height cub missil cris .,pos
28786,'s philosoph piec .,pos
27623,assum noth .,pos
56192,project onto us filmmak mind .,neg
52341,"let 's say 've car accid , driv oth vehic unconscy .",neg
49572,transf pretty cle ( al detail wrinkl clo paint backdrop ar ready app ) film letterbox approxim 1 . 85 : 1 .,neg
40900,3 .,neg
55071,"'d find keen bedfellow neil labut tod solondz , oth sult misanthrop lack bal earnest honest .",neg
57570,"`` l . . confid , `` easy best film 1997 , wond piec contemp neo-noir filmmak .",neg
44489,"'re video stor think rent thi turkey , n't .",neg
17717,"begin fun , fun quick , becaus thi tunnel start spring leak .",pos
20291,"forget `` blaz saddl `` , `` anim hous `` ev form king gross-out comedy , `` monty python 's mean lif `` ; wer al prelud farrel 's assault sens .",pos
24508,"celebr 20th annivers , thi quintess movy mus get roy tre reserv class lik `` star war `` -- well-deserved , red-carpet rereleas .",pos
62520,also ment every hero nee worthy villain .,neg
62329,thi unsettl ev giv form detect project throw launch investig revolv around mystery disappear catherin 's first husband 20 year bef .,neg
23083,must say biggest disappoint robert carlyl 's charact .,pos
26405,"goal movy lit land big kahun , find bil good sold themselv mad salesm .",pos
39640,"extend review : know , halfway thi movy , real hack everyth exceiv fight scen , 'd hav damn fin 35 minut flashy , hong kong styl mart art .",neg
269,"iron monkey , latest import , show us get right .",pos
55183,imagin bad must thi improv .,neg
9907,six steel work hav rec laid ar al look job .,pos
38672,nicola cag com ingeny surv mech rol wink-and-a-concussive-nudge bombast-o-rama con air .,neg
26791,soon find job rock men lif continu rot revolv door .,pos
35853,"inst real n't get know stu july ar , ev car ?",neg
36096,'s sham noth els heartfelt .,neg
51805,biggest problem charact ventur .,neg
62729,"set harlem dur gre depress , riv gangst `` famy `` go war ov control `` numb `` , illeg gambl lottery .",neg
35434,"real annoy mar pitillo , act tak bad script mak wors act .",neg
43413,thi sort movy mak peopl prison watch .,neg
45147,"jeff wond wher hel , lat catch war war say nev seen amy lif , plot thick jeff goe chas find wif .",neg
16779,"robin william continu impress dram perform , whil com rol hav suff .",pos
60210,anoth disappoint film thi year 's so-called emerg mast sery .,neg
26899,play ordin guy luck .,pos
30691,jest knock soldy window continu pursu ballerin .,pos
49025,'s comput anim scen tru expand mean word lam .,neg
21616,"stev soderburgh , mast sex , lie videotap , ad crim repertoir thi tal bank robbery , prison , double-crossing , uncut diamond , oh yeah , tru lov .",pos
42157,woody wesley star ( mayb 's right word ) new york city transit auth pol .,neg
15250,result cent charact immedy ap .,pos
53917,ther obvy n't much thought put plot .,neg
56350,"famy , 're good word .",neg
39876,charact reminisc villain charact brok arrow face/off .,neg
59256,"ter every meet , becaus every meet terr .",neg
28819,matild twist enough perfect fairy tal .,pos
38887,expery lik baby genius hav certain effect av moviego .,neg
51044,"'s wher rodriguez chant throw conv window hav som absurd fun , plac turn vampir hangout .",neg
50313,"team rap investig sarah sunhil ( madelein stow ) -- , coincid enough , ont rom rel bren -- bren begin uncov dark secret lat captain 's past mak cas ev mor sordid .",neg
54551,adv scot glen ( absolv pow ) suzy ( tit ) accid forget thi film next tim 're mak resum .,neg
25253,"quiz show extrem wel movy , robert redford 's direct espec superb .",pos
42247,"sebast valmont coolest guy ev walk ear ; ther wom ca n't hav , mat object reach .",neg
